{
	"shelves":[
		{"x_start":40,"y_start":2,"z_start":40,"n_levels":1,"lvl_offset":3,"x_points":[0,0,2,10,10,3,2,2],"y_points":[0,8,10,10,8,8,7,0],"front_index":[4,5,6,7,0,1]},		
		{"x_start":15,"y_start":2,"z_start":-2,"n_levels":3,"lvl_offset":3,"x_points":[0,0,5,25,30,30,25,20,20,5,5],"y_points":[-10,10,15,15,10,-10,-15,-15,5,5,-15],"front_index":[6,7,8,9,10],"back_index":[10,0,1,2,3,4,5,6,7]},
		{"x_start":-34,"y_start":2,"z_start":-37,"n_levels":3,"lvl_offset":3,"x_points":[0,5,10,13.65234287528261,16.686271245192398,20.86507824525682,22.009956875411458,20.178151067164038,16.45729551916147,19.147760300024867,23.498299094612484,26.646715327537738,28.65025293030835,32.42835240981865,36.320939752344415,39.12589239622328,42.78950401271812,44.5640658894578,44.907529478504195,41.58738145105575,38.095501629084104,35.57676864274391,31.68418130021814,29.33718010840113,24.070738409689802,26.70395925904547,21.666493286365068,18.804296710978473,15,18.231857395901155,12.335732450604777,10,6.496851436816129],"y_points":[0,5,10,11.34088931023904,11.283645378731308,13.287182981501928,17.29425818704317,21.072357666553483,23.87731031043235,27.48367799541947,26.911238680342148,24.39250569400194,19.35503972132152,15.63418417331894,16.263867419903992,18.49638074870554,17.86669750212049,15.691428104826674,12.371280077378216,10.48223033762306,11.398133241746772,8.593180597867903,5.6164961594658385,11.05466965270038,9.051132049929759,3.0977631731256303,1.7239088169400618,7.562789830728727,5,-2.2259224570934473,1.3232012963859376,5,-5.030875100972316],"back_index":[0,1,2,3,4,5,6,7,8,9,10,11,12,13,14,15,16,17,18,19,20,21,22,23,24,25]}
	]
}